account_id,customer_id,account_type,branch_id,balance,currency,status,opened_date
ACC000001,CUST770487,savings,BR001,7415634.22,INR,active,04-12-2009
ACC000002,CUST809570,savings,BR019,4219507.24,INR,active,17-04-2011
ACC000003,CUST731262,savings,BR018,1988777.09,INR,closed,15-04-2018
ACC000004,CUST717889,salary,BR001,7588194.27,INR,dormant,05-05-2015
ACC000005,CUST325772,salary,BR004,927912.06,INR,active,09-10-2016
ACC000006,CUST946335,savings,BR015,5362512.80,INR,active,27-05-2022
ACC000007,CUST759176,salary,BR019,1923289.76,INR,active,03-05-2012
ACC000008,CUST996865,current,BR004,3801572.19,INR,active,12-06-2010
ACC000009,CUST319684,salary,BR003,6091505.49,INR,closed,15-03-2012
ACC000010,CUST497887,salary,BR018,2196541.93,INR,active,26-01-2012
ACC000011,CUST430776,fixed_deposit,BR009,662352.96,INR,active,16-11-2011
ACC000012,CUST514850,fixed_deposit,BR005,2649169.22,INR,closed,24-05-2022
ACC000013,CUST712982,fixed_deposit,BR019,3994305.35,INR,active,03-08-2021
ACC000014,CUST892495,savings,BR004,1528836.77,INR,dormant,13-02-2024
ACC000015,CUST500156,fixed_deposit,BR017,2514515.49,INR,active,18-11-2008
ACC000016,CUST887352,salary,BR011,1115965.96,INR,active,24-01-2019
ACC000017,CUST854639,salary,BR017,7619741.01,INR,active,27-05-2025
ACC000018,CUST769987,current,BR005,3739451.57,INR,closed,20-01-2021
ACC000019,CUST439902,fixed_deposit,BR001,1119121.32,INR,active,08-01-2012
ACC000020,CUST694916,savings,BR003,7319209.99,INR,closed,22-03-2009
ACC000021,CUST598369,current,BR009,5276974.04,INR,dormant,25-09-2011
ACC000022,CUST865388,current,BR010,3990223.50,INR,active,15-09-2019
ACC000023,CUST226882,current,BR008,640726.95,INR,closed,19-04-2022
ACC000024,CUST330914,savings,BR003,7078555.55,INR,active,28-01-2007
ACC000025,CUST446479,savings,BR017,2380427.34,INR,dormant,05-09-2011
ACC000026,CUST858490,fixed_deposit,BR008,7846301.93,INR,active,22-02-2008
ACC000027,CUST551989,salary,BR014,4111317.21,INR,active,04-11-2025
ACC000028,CUST163556,fixed_deposit,BR011,8006024.81,INR,active,18-04-2011
ACC000029,CUST570405,current,BR014,1835288.61,INR,active,26-08-2007
ACC000030,CUST997546,savings,BR002,6521622.87,INR,active,06-04-2007
ACC000031,CUST526156,fixed_deposit,BR016,2137866.12,INR,active,01-07-2010
ACC000032,CUST509386,salary,BR015,2852849.66,INR,closed,07-03-2020
ACC000033,CUST411120,current,BR002,5792013.32,INR,active,02-01-2015
ACC000034,CUST712554,fixed_deposit,BR017,9193911.61,INR,active,03-09-2006
ACC000035,CUST992697,current,BR003,5950553.55,INR,active,19-02-2017
ACC000036,CUST358175,savings,BR020,820293.06,INR,closed,11-09-2023
ACC000037,CUST373432,current,BR011,2387240.18,INR,active,15-05-2025
ACC000038,CUST431535,savings,BR001,4583126.08,INR,active,07-09-2007
ACC000039,CUST630458,salary,BR005,9332627.15,INR,active,06-05-2016
ACC000040,CUST559469,salary,BR020,9838541.18,INR,closed,27-11-2005
ACC000041,CUST681542,salary,BR004,9389330.57,INR,active,24-02-2008
ACC000042,CUST680097,current,BR009,2817921.84,INR,active,21-11-2011
ACC000043,CUST994343,salary,BR017,4885574.26,INR,active,27-07-2025
ACC000044,CUST390120,savings,BR001,3335898.61,INR,active,15-12-2010
ACC000045,CUST678478,fixed_deposit,BR018,97192.16,INR,active,27-01-2022
ACC000046,CUST487151,current,BR014,1274891.47,INR,active,07-06-2006
ACC000047,CUST815198,current,BR004,3537109.51,INR,dormant,05-12-2024
ACC000048,CUST348237,current,BR006,8814221.34,INR,active,26-07-2015
ACC000049,CUST802448,current,BR009,1592398.83,INR,active,28-01-2017
ACC000050,CUST593554,current,BR007,8165957.76,INR,active,08-04-2014
ACC000051,CUST124813,current,BR013,3282955.38,INR,active,17-11-2016
ACC000052,CUST519093,salary,BR001,1153859.85,INR,active,02-05-2023
ACC000053,CUST213668,fixed_deposit,BR012,7285586.33,INR,dormant,04-09-2024
ACC000054,CUST503906,current,BR009,444343.14,INR,active,22-09-2021
ACC000055,CUST854377,current,BR012,4313258.35,INR,active,22-06-2024
ACC000056,CUST989208,savings,BR010,5071471.48,INR,dormant,23-07-2015
ACC000057,CUST410016,current,BR007,4204753.11,INR,active,10-10-2024
ACC000058,CUST525800,savings,BR010,2869493.71,INR,closed,11-11-2024
ACC000059,CUST587575,fixed_deposit,BR015,6756434.52,INR,dormant,03-11-2010
ACC000060,CUST397571,salary,BR003,8184325.43,EUR,active,26-04-2014
ACC000061,CUST308802,current,BR001,462614.07,INR,closed,14-08-2007
ACC000062,CUST760356,current,BR013,4944024.50,INR,active,01-12-2025
ACC000063,CUST887443,savings,BR014,2188801.95,INR,closed,18-01-2019
ACC000064,CUST361303,savings,BR015,1333824.39,INR,closed,11-10-2022
ACC000065,CUST891937,fixed_deposit,BR020,8150157.57,INR,dormant,06-08-2022
ACC000066,CUST879779,fixed_deposit,BR015,2592285.89,INR,active,21-08-2021
ACC000067,CUST350867,salary,BR015,775294.80,INR,active,11-06-2013
ACC000068,CUST666390,savings,BR005,1508731.16,INR,active,14-02-2011
ACC000069,CUST527398,salary,BR018,4659510.07,INR,active,25-07-2018
ACC000070,CUST712451,savings,BR019,3804120.10,INR,active,28-07-2014
ACC000071,CUST976325,fixed_deposit,BR018,7475282.93,INR,closed,08-08-2012
ACC000072,CUST386193,fixed_deposit,BR016,290733.69,INR,dormant,05-08-2010
ACC000073,CUST752483,savings,BR013,5919131.81,INR,active,14-11-2007
ACC000074,CUST242291,fixed_deposit,BR006,503321.19,INR,active,11-08-2011
ACC000075,CUST453894,fixed_deposit,BR009,7520222.23,INR,active,01-08-2007
ACC000076,CUST885408,savings,BR012,2242609.55,INR,active,07-04-2005
ACC000077,CUST979995,savings,BR020,1524247.27,INR,dormant,07-10-2008
ACC000078,CUST587623,salary,BR012,1678307.54,INR,active,04-05-2010
ACC000079,CUST706794,savings,BR010,5758179.39,INR,dormant,19-02-2011
ACC000080,CUST824161,current,BR004,6972081.43,INR,closed,26-10-2008
ACC000081,CUST143064,salary,BR018,4284065.94,INR,active,11-11-2021
ACC000082,CUST113266,fixed_deposit,BR016,1055835.94,INR,dormant,06-07-2009
ACC000083,CUST869440,salary,BR020,8082088.09,INR,dormant,27-07-2019
ACC000084,CUST866536,salary,BR011,8517205.74,INR,active,25-04-2019
ACC000085,CUST587282,fixed_deposit,BR011,287485.63,INR,active,12-04-2020
ACC000086,CUST936587,salary,BR011,2796945.05,INR,active,17-01-2022
ACC000087,CUST300337,savings,BR008,7200886.60,INR,closed,16-12-2012
ACC000088,CUST777278,fixed_deposit,BR015,7929432.21,INR,active,23-07-2012
ACC000089,CUST355123,salary,BR019,3690520.00,INR,closed,24-07-2016
ACC000090,CUST677124,salary,BR012,7028697.99,INR,active,04-04-2013
ACC000091,CUST856321,current,BR011,1195987.64,INR,active,24-04-2011
ACC000092,CUST607719,salary,BR019,9766081.93,INR,closed,27-02-2014
ACC000093,CUST303547,salary,BR008,3609130.25,INR,active,09-03-2022
ACC000094,CUST147726,savings,BR018,2921720.38,INR,dormant,19-01-2008
ACC000095,CUST398151,fixed_deposit,BR016,4404967.75,INR,active,04-08-2013
ACC000096,CUST962050,savings,BR013,4917719.73,INR,active,26-03-2009
ACC000097,CUST690180,salary,BR003,9939184.27,INR,closed,20-10-2018
ACC000098,CUST929151,current,BR017,3804090.07,INR,active,10-07-2023
ACC000099,CUST696251,savings,BR020,9601107.72,INR,active,09-04-2025
ACC000100,CUST792509,savings,BR006,2399031.84,INR,active,14-01-2010
